-- MySQL Script generated by MySQL Workbench
-- Tue Feb 26 14:48:18 2019
-- Model: New Model    Version: 1.0
-- MySQL Workbench Forward Engineering

SET @OLD_UNIQUE_CHECKS=@@UNIQUE_CHECKS, UNIQUE_CHECKS=0;
SET @OLD_FOREIGN_KEY_CHECKS=@@FOREIGN_KEY_CHECKS, FOREIGN_KEY_CHECKS=0;
SET @OLD_SQL_MODE=@@SQL_MODE, SQL_MODE='ONLY_FULL_GROUP_BY,STRICT_TRANS_TABLES,NO_ZERO_IN_DATE,NO_ZERO_DATE,ERROR_FOR_DIVISION_BY_ZERO,NO_ENGINE_SUBSTITUTION';

-- -----------------------------------------------------
-- Schema mydb
-- -----------------------------------------------------
DROP SCHEMA IF EXISTS `mydb` ;

-- -----------------------------------------------------
-- Schema mydb
-- -----------------------------------------------------
CREATE SCHEMA IF NOT EXISTS `mydb` DEFAULT CHARACTER SET utf8 ;
SHOW WARNINGS;
USE `mydb` ;

-- -----------------------------------------------------
-- Table `mydb`.`petstore`
-- -----------------------------------------------------
DROP TABLE IF EXISTS `mydb`.`petstore` ;

SHOW WARNINGS;
CREATE TABLE IF NOT EXISTS `mydb`.`petstore` (
  `pst_id` SMALLINT UNSIGNED NOT NULL AUTO_INCREMENT,
  `pst_name` VARCHAR(30) NOT NULL,
  `pst_street` VARCHAR(30) NOT NULL,
  `pst_city` VARCHAR(30) NOT NULL,
  `pst_state` CHAR(2) NOT NULL,
  `pst_zip` INT(9) NOT NULL,
  `pst_phone` VARCHAR(45) NOT NULL,
  `pst_email` VARCHAR(100) NOT NULL,
  `pst_url` VARCHAR(100) NOT NULL,
  `pst_ytd_sales` DECIMAL(10,2) NOT NULL,
  `pst_notes` VARCHAR(255) NULL,
  PRIMARY KEY (`pst_id`))
ENGINE = InnoDB;

SHOW WARNINGS;

-- -----------------------------------------------------
-- Table `mydb`.`customer`
-- -----------------------------------------------------
DROP TABLE IF EXISTS `mydb`.`customer` ;

SHOW WARNINGS;
CREATE TABLE IF NOT EXISTS `mydb`.`customer` (
  `cus_id` SMALLINT UNSIGNED NOT NULL AUTO_INCREMENT,
  `cus_fname` VARCHAR(15) NOT NULL,
  `cus_lname` VARCHAR(30) NOT NULL,
  `cus_street` VARCHAR(30) NOT NULL,
  `cus_city` VARCHAR(30) NOT NULL,
  `cus_state` CHAR(2) NOT NULL,
  `cus_zip` INT NOT NULL,
  `cus_phone` BIGINT NOT NULL,
  `cus_email` VARCHAR(100) NOT NULL,
  `cus_balance` DECIMAL(6,2) NOT NULL,
  `cus_total_sales` DECIMAL(6,2) NOT NULL,
  `cus_notes` VARCHAR(255) NULL,
  PRIMARY KEY (`cus_id`))
ENGINE = InnoDB;

SHOW WARNINGS;

-- -----------------------------------------------------
-- Table `mydb`.`pet`
-- -----------------------------------------------------
DROP TABLE IF EXISTS `mydb`.`pet` ;

SHOW WARNINGS;
CREATE TABLE IF NOT EXISTS `mydb`.`pet` (
  `pet_id` SMALLINT UNSIGNED NOT NULL AUTO_INCREMENT,
  `pst_id` SMALLINT UNSIGNED NOT NULL,
  `cus_id` SMALLINT UNSIGNED NULL,
  `pet_type` VARCHAR(45) NOT NULL,
  `pet_sex` ENUM('f', 'm') NOT NULL,
  `pet_cost` DECIMAL(6,2) UNSIGNED NOT NULL,
  `pet_price` DECIMAL(6,2) UNSIGNED NOT NULL,
  `pet_age` TINYINT UNSIGNED NOT NULL,
  `pet_color` VARCHAR(30) NOT NULL,
  `pet_sale_date` DATE NULL,
  `pet_vaccine` ENUM('y', 'n') NOT NULL,
  `pet_neuter` ENUM('y', 'n') NOT NULL,
  `pet_notes` VARCHAR(255) NULL,
  PRIMARY KEY (`pet_id`),
  INDEX `fk_pet_petstore_idx` (`pst_id` ASC),
  INDEX `fk_pet_customer1_idx` (`cus_id` ASC),
  CONSTRAINT `fk_pet_petstore`
    FOREIGN KEY (`pst_id`)
    REFERENCES `mydb`.`petstore` (`pst_id`)
    ON DELETE CASCADE
    ON UPDATE CASCADE,
  CONSTRAINT `fk_pet_customer1`
    FOREIGN KEY (`cus_id`)
    REFERENCES `mydb`.`customer` (`cus_id`)
    ON DELETE SET NULL
    ON UPDATE CASCADE)
ENGINE = InnoDB;

SHOW WARNINGS;

SET SQL_MODE=@OLD_SQL_MODE;
SET FOREIGN_KEY_CHECKS=@OLD_FOREIGN_KEY_CHECKS;
SET UNIQUE_CHECKS=@OLD_UNIQUE_CHECKS;

-- -----------------------------------------------------
-- Data for table `mydb`.`petstore`
-- -----------------------------------------------------
START TRANSACTION;
USE `mydb`;
INSERT INTO `mydb`.`petstore` (`pst_id`, `pst_name`, `pst_street`, `pst_city`, `pst_state`, `pst_zip`, `pst_phone`, `pst_email`, `pst_url`, `pst_ytd_sales`, `pst_notes`) VALUES (1, 'Ricky', 'West Peach', 'Tallahassee', 'FL', 32304, '8507778888', 'fluufydog@gmail.com', 'www.fluufydog.com', 11,455.55, NULL);
INSERT INTO `mydb`.`petstore` (`pst_id`, `pst_name`, `pst_street`, `pst_city`, `pst_state`, `pst_zip`, `pst_phone`, `pst_email`, `pst_url`, `pst_ytd_sales`, `pst_notes`) VALUES (2, 'Bob', '124 West Ave', 'West Palm Beach', 'FL', 33412, '5615440000', 'Rough@aol.com', 'www.rough.com', 111,555.53, NULL);
INSERT INTO `mydb`.`petstore` (`pst_id`, `pst_name`, `pst_street`, `pst_city`, `pst_state`, `pst_zip`, `pst_phone`, `pst_email`, `pst_url`, `pst_ytd_sales`, `pst_notes`) VALUES (3, 'Evan', '125 East Ave', 'Wellington ', 'FL', 33411, '5610009876', 'dough@gmail.com', 'www.dough.com', 56,555.89, NULL);
INSERT INTO `mydb`.`petstore` (`pst_id`, `pst_name`, `pst_street`, `pst_city`, `pst_state`, `pst_zip`, `pst_phone`, `pst_email`, `pst_url`, `pst_ytd_sales`, `pst_notes`) VALUES (4, 'Rachel', '126 East Ave', 'Royal Palm Beach', 'FL', 33411, '5614346565', 'roxygirl@aol.com', 'www.roxy.com', 55,555.88, NULL);
INSERT INTO `mydb`.`petstore` (`pst_id`, `pst_name`, `pst_street`, `pst_city`, `pst_state`, `pst_zip`, `pst_phone`, `pst_email`, `pst_url`, `pst_ytd_sales`, `pst_notes`) VALUES (5, 'Billy', '127 East Ave', 'Palm Beach', 'FL', 33412, '7564334908', 'Johndaniels@gmail.com', 'www.johndaniels.com', 12,555.78, NULL);
INSERT INTO `mydb`.`petstore` (`pst_id`, `pst_name`, `pst_street`, `pst_city`, `pst_state`, `pst_zip`, `pst_phone`, `pst_email`, `pst_url`, `pst_ytd_sales`, `pst_notes`) VALUES (6, 'Jacob', '128 West Ave', 'Tallahassee', 'FL', 32304, '5679997656', 'petergriffin@aol.com', 'www.petergir.com', 12,345.99, NULL);
INSERT INTO `mydb`.`petstore` (`pst_id`, `pst_name`, `pst_street`, `pst_city`, `pst_state`, `pst_zip`, `pst_phone`, `pst_email`, `pst_url`, `pst_ytd_sales`, `pst_notes`) VALUES (7, 'Luis', '129 North Ave', 'Tallahassee', 'FL', 32304, '5610098798', 'ghhhd@aol.com', 'www.ggddh.com', 123,455.88, NULL);
INSERT INTO `mydb`.`petstore` (`pst_id`, `pst_name`, `pst_street`, `pst_city`, `pst_state`, `pst_zip`, `pst_phone`, `pst_email`, `pst_url`, `pst_ytd_sales`, `pst_notes`) VALUES (8, 'Devon', '130 South Ave', 'Tampa', 'FL', 33455, '7726550892', 'ffg55@gmail.com', 'www.ffg55.com', 111,565.99, NULL);
INSERT INTO `mydb`.`petstore` (`pst_id`, `pst_name`, `pst_street`, `pst_city`, `pst_state`, `pst_zip`, `pst_phone`, `pst_email`, `pst_url`, `pst_ytd_sales`, `pst_notes`) VALUES (9, 'Peter', '131 South Ave', 'Tampa', 'FL', 33445, '7725447843', 'peterh5@hotmail.com', 'www.peterh.com', 56,566.87, NULL);
INSERT INTO `mydb`.`petstore` (`pst_id`, `pst_name`, `pst_street`, `pst_city`, `pst_state`, `pst_zip`, `pst_phone`, `pst_email`, `pst_url`, `pst_ytd_sales`, `pst_notes`) VALUES (10, 'Jimmy', '132 North Ave', 'Tampa', 'FL', 33455, '7721119023', 'FLoridadog@hotmail.com', 'www.floridagod.com', 32,555.12, NULL);

COMMIT;


-- -----------------------------------------------------
-- Data for table `mydb`.`customer`
-- -----------------------------------------------------
START TRANSACTION;
USE `mydb`;
INSERT INTO `mydb`.`customer` (`cus_id`, `cus_fname`, `cus_lname`, `cus_street`, `cus_city`, `cus_state`, `cus_zip`, `cus_phone`, `cus_email`, `cus_balance`, `cus_total_sales`, `cus_notes`) VALUES (30, 'Peter', 'Griffin', 'Orange', 'Tallahassee', 'FL', 32304, 850-590-9999, 'coolemail@aol.com', 500.00, 1000.00, NULL);
INSERT INTO `mydb`.`customer` (`cus_id`, `cus_fname`, `cus_lname`, `cus_street`, `cus_city`, `cus_state`, `cus_zip`, `cus_phone`, `cus_email`, `cus_balance`, `cus_total_sales`, `cus_notes`) VALUES (31, 'John', 'Parker', 'Blue', 'Tallahassee', 'FL', 32304, 850-590-6767, 'someemail@gmail.com', 500.00, 1000.00, NULL);
INSERT INTO `mydb`.`customer` (`cus_id`, `cus_fname`, `cus_lname`, `cus_street`, `cus_city`, `cus_state`, `cus_zip`, `cus_phone`, `cus_email`, `cus_balance`, `cus_total_sales`, `cus_notes`) VALUES (32, 'Evan', 'Bobs', 'West kay', 'Tallahassee', 'FL', 32304, 850-590-7824, 'anotheremail@aol.com', 500.00, 1000.00, NULL);
INSERT INTO `mydb`.`customer` (`cus_id`, `cus_fname`, `cus_lname`, `cus_street`, `cus_city`, `cus_state`, `cus_zip`, `cus_phone`, `cus_email`, `cus_balance`, `cus_total_sales`, `cus_notes`) VALUES (33, 'Billy', 'Johnson', 'WHite', 'Tallahassee', 'FL', 32304, 850-590-8422, 'Greatestemail@aol.com', 500.00, 1000.00, NULL);
INSERT INTO `mydb`.`customer` (`cus_id`, `cus_fname`, `cus_lname`, `cus_street`, `cus_city`, `cus_state`, `cus_zip`, `cus_phone`, `cus_email`, `cus_balance`, `cus_total_sales`, `cus_notes`) VALUES (34, 'Joel', 'Ephoc', '82nd Lane', 'Tallahassee', 'FL', 32304, 850-590-9101, 'Fsuemail@my.fsu.edu', 500.00, 1000.00, NULL);
INSERT INTO `mydb`.`customer` (`cus_id`, `cus_fname`, `cus_lname`, `cus_street`, `cus_city`, `cus_state`, `cus_zip`, `cus_phone`, `cus_email`, `cus_balance`, `cus_total_sales`, `cus_notes`) VALUES (35, 'Joey', 'Phillipo', '56th Street', 'Tallahassee', 'FL', 32304, 850-590-6573, 'Greatest11@aol.com', 500.00, 1000.00, NULL);
INSERT INTO `mydb`.`customer` (`cus_id`, `cus_fname`, `cus_lname`, `cus_street`, `cus_city`, `cus_state`, `cus_zip`, `cus_phone`, `cus_email`, `cus_balance`, `cus_total_sales`, `cus_notes`) VALUES (36, 'Brad', 'Pasinksi', '55th Street', 'Tallahassee', 'FL', 32304, 850-590-8888, 'Someemail@hotmail.com', 500.00, 1000.00, NULL);
INSERT INTO `mydb`.`customer` (`cus_id`, `cus_fname`, `cus_lname`, `cus_street`, `cus_city`, `cus_state`, `cus_zip`, `cus_phone`, `cus_email`, `cus_balance`, `cus_total_sales`, `cus_notes`) VALUES (37, 'Jim', 'Howl', '83rd Road', 'Tallahassee', 'FL', 32304, 850-590-7822, 'yolo@aol.com', 500.00, 1000.00, NULL);
INSERT INTO `mydb`.`customer` (`cus_id`, `cus_fname`, `cus_lname`, `cus_street`, `cus_city`, `cus_state`, `cus_zip`, `cus_phone`, `cus_email`, `cus_balance`, `cus_total_sales`, `cus_notes`) VALUES (38, 'Henry', 'Mahler', '55th Stree', 'Tallahassee', 'FL', 32304, 850-590-9999, 'assign3@aol.com', 500.00, 1000.00, NULL);
INSERT INTO `mydb`.`customer` (`cus_id`, `cus_fname`, `cus_lname`, `cus_street`, `cus_city`, `cus_state`, `cus_zip`, `cus_phone`, `cus_email`, `cus_balance`, `cus_total_sales`, `cus_notes`) VALUES (39, 'Ricky', 'Bong', 'West 66th Street', 'Tallahassee', 'FL', 32304, 850-590-7801, 'Coolguys@gmail.com', 500.00, 1000.00, NULL);

COMMIT;


-- -----------------------------------------------------
-- Data for table `mydb`.`pet`
-- -----------------------------------------------------
START TRANSACTION;
USE `mydb`;
INSERT INTO `mydb`.`pet` (`pet_id`, `pst_id`, `cus_id`, `pet_type`, `pet_sex`, `pet_cost`, `pet_price`, `pet_age`, `pet_color`, `pet_sale_date`, `pet_vaccine`, `pet_neuter`, `pet_notes`) VALUES (20, 1, 30, 'German sheppard', 'f', 500.00, 200.22, 5, 'black', '01/22/19', 'y', 'n', NULL);
INSERT INTO `mydb`.`pet` (`pet_id`, `pst_id`, `cus_id`, `pet_type`, `pet_sex`, `pet_cost`, `pet_price`, `pet_age`, `pet_color`, `pet_sale_date`, `pet_vaccine`, `pet_neuter`, `pet_notes`) VALUES (21, 2, 31, 'Rotweiller', 'm', 566.99, 200.22, 5, 'gray', '01/20/19', 'y', 'n', NULL);
INSERT INTO `mydb`.`pet` (`pet_id`, `pst_id`, `cus_id`, `pet_type`, `pet_sex`, `pet_cost`, `pet_price`, `pet_age`, `pet_color`, `pet_sale_date`, `pet_vaccine`, `pet_neuter`, `pet_notes`) VALUES (22, 3, 32, 'Pitbull', 'f', 55.88, 200.22, 6, 'green', '01/05/19', 'y', 'n', NULL);
INSERT INTO `mydb`.`pet` (`pet_id`, `pst_id`, `cus_id`, `pet_type`, `pet_sex`, `pet_cost`, `pet_price`, `pet_age`, `pet_color`, `pet_sale_date`, `pet_vaccine`, `pet_neuter`, `pet_notes`) VALUES (23, 4, 33, 'Catahoula', 'm', 100.55, 200.22, 8, 'blue', '01/06/19', 'y', 'n', NULL);
INSERT INTO `mydb`.`pet` (`pet_id`, `pst_id`, `cus_id`, `pet_type`, `pet_sex`, `pet_cost`, `pet_price`, `pet_age`, `pet_color`, `pet_sale_date`, `pet_vaccine`, `pet_neuter`, `pet_notes`) VALUES (24, 5, 34, 'Pitbull', 'm', 300.44, 200.22, 9, 'yellow', '01/10/19', 'n', 'n', NULL);
INSERT INTO `mydb`.`pet` (`pet_id`, `pst_id`, `cus_id`, `pet_type`, `pet_sex`, `pet_cost`, `pet_price`, `pet_age`, `pet_color`, `pet_sale_date`, `pet_vaccine`, `pet_neuter`, `pet_notes`) VALUES (25, 6, 35, 'Husky', 'm', 100.66, 200.22, 21, 'black', '01/11/19', 'y', 'n', NULL);
INSERT INTO `mydb`.`pet` (`pet_id`, `pst_id`, `cus_id`, `pet_type`, `pet_sex`, `pet_cost`, `pet_price`, `pet_age`, `pet_color`, `pet_sale_date`, `pet_vaccine`, `pet_neuter`, `pet_notes`) VALUES (26, 7, 36, 'Husky', 'f', 100.99, 200.22, 4, 'tan', '01/11/19', 'y', 'n', NULL);
INSERT INTO `mydb`.`pet` (`pet_id`, `pst_id`, `cus_id`, `pet_type`, `pet_sex`, `pet_cost`, `pet_price`, `pet_age`, `pet_color`, `pet_sale_date`, `pet_vaccine`, `pet_neuter`, `pet_notes`) VALUES (27, 8, 37, 'Husky', 'f', 200.66, 200.22, 6, 'black', '01/12/19', 'y', 'n', NULL);
INSERT INTO `mydb`.`pet` (`pet_id`, `pst_id`, `cus_id`, `pet_type`, `pet_sex`, `pet_cost`, `pet_price`, `pet_age`, `pet_color`, `pet_sale_date`, `pet_vaccine`, `pet_neuter`, `pet_notes`) VALUES (28, 9, 38, 'Pitbull', 'm', 111.77, 200.22, 8, 'white', '01/22/19', 'y', 'n', NULL);
INSERT INTO `mydb`.`pet` (`pet_id`, `pst_id`, `cus_id`, `pet_type`, `pet_sex`, `pet_cost`, `pet_price`, `pet_age`, `pet_color`, `pet_sale_date`, `pet_vaccine`, `pet_neuter`, `pet_notes`) VALUES (29, 10, 39, 'Catahoula', 'm', 400.66, 200.22, 9, 'white', '01/15/19', 'y', 'n', NULL);

COMMIT;

